index,build,test_index,SIZE,ENGINE,y_BANDWIDTH,run_index
0,Local,0,4,spdk_bdev,1779717081.0,0
1,Local,0,4,spdk_bdev,1799640810.0,1
2,Local,0,4,spdk_bdev,1797320895.0,2
3,Local,0,4,spdk_bdev,1804574533.0,3
4,Local,0,4,spdk_bdev,1862144305.0,4
5,Local,0,4,spdk_bdev,1801485216.0,5
6,Local,0,4,spdk_bdev,1771742630.0,6
7,Local,0,4,spdk_bdev,1792743489.0,7
8,Local,0,4,spdk_bdev,1860386850.0,8
9,Local,0,4,spdk_bdev,1835268218.0,9
10,Local,1,10,spdk_bdev,2096735154.0,0
11,Local,1,10,spdk_bdev,2060922408.0,1
12,Local,1,10,spdk_bdev,2087773898.0,2
13,Local,1,10,spdk_bdev,2107569007.0,3
14,Local,1,10,spdk_bdev,2077973273.0,4
15,Local,1,10,spdk_bdev,2110283952.0,5
16,Local,1,10,spdk_bdev,2096109988.0,6
17,Local,1,10,spdk_bdev,2084858709.0,7
18,Local,1,10,spdk_bdev,2125280715.0,8
19,Local,1,10,spdk_bdev,2095486271.0,9
20,Local,2,100,spdk_bdev,2681132025.0,0
21,Local,2,100,spdk_bdev,2690732840.0,1
22,Local,2,100,spdk_bdev,2690433503.0,2
23,Local,2,100,spdk_bdev,2681351179.0,3
24,Local,2,100,spdk_bdev,2691268523.0,4
25,Local,2,100,spdk_bdev,2691118892.0,5
26,Local,2,100,spdk_bdev,2679879745.0,6
27,Local,2,100,spdk_bdev,2682384305.0,7
28,Local,2,100,spdk_bdev,2682117375.0,8
29,Local,2,100,spdk_bdev,2688913313.0,9
30,Local,3,1024,spdk_bdev,2659384985.0,0
31,Local,3,1024,spdk_bdev,2674949429.0,1
32,Local,3,1024,spdk_bdev,2669026649.0,2
33,Local,3,1024,spdk_bdev,2665687235.0,3
34,Local,3,1024,spdk_bdev,2664547892.0,4
35,Local,3,1024,spdk_bdev,2660790303.0,5
36,Local,3,1024,spdk_bdev,2676202333.0,6
37,Local,3,1024,spdk_bdev,2677073188.0,7
38,Local,3,1024,spdk_bdev,2672898089.0,8
39,Local,3,1024,spdk_bdev,2668874835.0,9
40,Local,6,100,libaio,986895058.0,0
41,Local,6,100,libaio,1398101333.0,1
42,Local,6,100,libaio,1438047085.0,2
43,Local,6,100,libaio,1398101333.0,3
44,Local,6,100,libaio,1438047085.0,4
45,Local,6,100,libaio,1198372571.0,5
46,Local,6,100,libaio,1398101333.0,6
47,Local,6,100,libaio,1438047085.0,7
48,Local,6,100,libaio,1398101333.0,8
49,Local,6,100,libaio,1438047085.0,9
50,Local,7,1024,libaio,2241783172.0,0
51,Local,7,1024,libaio,2122831412.0,1
52,Local,7,1024,libaio,2088729702.0,2
53,Local,7,1024,libaio,2167057066.0,3
54,Local,7,1024,libaio,2158065128.0,4
55,Local,7,1024,libaio,2131531540.0,5
56,Local,7,1024,libaio,2203786847.0,6
57,Local,7,1024,libaio,2167057066.0,7
58,Local,7,1024,libaio,2105642493.0,8
59,Local,7,1024,libaio,2167057066.0,9
60,Local,10,100,io_uring,1438047085.0,0
61,Local,10,100,io_uring,1438047085.0,1
62,Local,10,100,io_uring,1398101333.0,2
63,Local,10,100,io_uring,1438047085.0,3
64,Local,10,100,io_uring,1438047085.0,4
65,Local,10,100,io_uring,1398101333.0,5
66,Local,10,100,io_uring,1438047085.0,6
67,Local,10,100,io_uring,1480342588.0,7
68,Local,10,100,io_uring,1438047085.0,8
69,Local,10,100,io_uring,1198372571.0,9
70,Local,11,1024,io_uring,2176124251.0,0
71,Local,11,1024,io_uring,2185267630.0,1
72,Local,11,1024,io_uring,2105642493.0,2
73,Local,11,1024,io_uring,2176124251.0,3
74,Local,11,1024,io_uring,2158065128.0,4
75,Local,11,1024,io_uring,2105642493.0,5
76,Local,11,1024,io_uring,2158065128.0,6
77,Local,11,1024,io_uring,2194488168.0,7
78,Local,11,1024,io_uring,2097152000.0,8
79,Local,11,1024,io_uring,2149147504.0,9
