index,build,test_index,IODEPTH,SIZE,ENGINE,y_BANDWIDTH,run_index
0,Local,0,64,4,spdk_bdev,2000.0,0
1,Local,0,64,4,spdk_bdev,2000.0,1
2,Local,0,64,4,spdk_bdev,2000.0,2
3,Local,0,64,4,spdk_bdev,2000.0,3
4,Local,0,64,4,spdk_bdev,2000.0,4
5,Local,0,64,4,spdk_bdev,2000.0,5
6,Local,0,64,4,spdk_bdev,2000.0,6
7,Local,0,64,4,spdk_bdev,2000.0,7
8,Local,0,64,4,spdk_bdev,2000.0,8
9,Local,0,64,4,spdk_bdev,2000.0,9
10,Local,1,128,4,spdk_bdev,2000.0,0
11,Local,1,128,4,spdk_bdev,2000.0,1
12,Local,1,128,4,spdk_bdev,2000.0,2
13,Local,1,128,4,spdk_bdev,2000.0,3
14,Local,1,128,4,spdk_bdev,2000.0,4
15,Local,1,128,4,spdk_bdev,2000.0,5
16,Local,1,128,4,spdk_bdev,2000.0,6
17,Local,1,128,4,spdk_bdev,2000.0,7
18,Local,1,128,4,spdk_bdev,2000.0,8
19,Local,1,128,4,spdk_bdev,2000.0,9
20,Local,2,256,4,spdk_bdev,4000.0,0
21,Local,2,256,4,spdk_bdev,4000.0,1
22,Local,2,256,4,spdk_bdev,4000.0,2
23,Local,2,256,4,spdk_bdev,4000.0,3
24,Local,2,256,4,spdk_bdev,4000.0,4
25,Local,2,256,4,spdk_bdev,4000.0,5
26,Local,2,256,4,spdk_bdev,4000.0,6
27,Local,2,256,4,spdk_bdev,4000.0,7
28,Local,2,256,4,spdk_bdev,4000.0,8
29,Local,2,256,4,spdk_bdev,4000.0,9
30,Local,3,512,4,spdk_bdev,4000.0,0
31,Local,3,512,4,spdk_bdev,4000.0,1
32,Local,3,512,4,spdk_bdev,4000.0,2
33,Local,3,512,4,spdk_bdev,4000.0,3
34,Local,3,512,4,spdk_bdev,4000.0,4
35,Local,3,512,4,spdk_bdev,4000.0,5
36,Local,3,512,4,spdk_bdev,4000.0,6
37,Local,3,512,4,spdk_bdev,4000.0,7
38,Local,3,512,4,spdk_bdev,4000.0,8
39,Local,3,512,4,spdk_bdev,4000.0,9
40,Local,4,1023,4,spdk_bdev,4000.0,0
41,Local,4,1023,4,spdk_bdev,4000.0,1
42,Local,4,1023,4,spdk_bdev,4000.0,2
43,Local,4,1023,4,spdk_bdev,4000.0,3
44,Local,4,1023,4,spdk_bdev,4000.0,4
45,Local,4,1023,4,spdk_bdev,4000.0,5
46,Local,4,1023,4,spdk_bdev,4000.0,6
47,Local,4,1023,4,spdk_bdev,4000.0,7
48,Local,4,1023,4,spdk_bdev,4000.0,8
49,Local,4,1023,4,spdk_bdev,4000.0,9
50,Local,5,64,10,spdk_bdev,6000.0,0
51,Local,5,64,10,spdk_bdev,6000.0,1
52,Local,5,64,10,spdk_bdev,6000.0,2
53,Local,5,64,10,spdk_bdev,6000.0,3
54,Local,5,64,10,spdk_bdev,6000.0,4
55,Local,5,64,10,spdk_bdev,6000.0,5
56,Local,5,64,10,spdk_bdev,6000.0,6
57,Local,5,64,10,spdk_bdev,6000.0,7
58,Local,5,64,10,spdk_bdev,6000.0,8
59,Local,5,64,10,spdk_bdev,6000.0,9
60,Local,6,128,10,spdk_bdev,6000.0,0
61,Local,6,128,10,spdk_bdev,6000.0,1
62,Local,6,128,10,spdk_bdev,6000.0,2
63,Local,6,128,10,spdk_bdev,6000.0,3
64,Local,6,128,10,spdk_bdev,6000.0,4
65,Local,6,128,10,spdk_bdev,6000.0,5
66,Local,6,128,10,spdk_bdev,6000.0,6
67,Local,6,128,10,spdk_bdev,6000.0,7
68,Local,6,128,10,spdk_bdev,6000.0,8
69,Local,6,128,10,spdk_bdev,6000.0,9
70,Local,7,256,10,spdk_bdev,4000.0,0
71,Local,7,256,10,spdk_bdev,4000.0,1
72,Local,7,256,10,spdk_bdev,4000.0,2
73,Local,7,256,10,spdk_bdev,4000.0,3
74,Local,7,256,10,spdk_bdev,4000.0,4
75,Local,7,256,10,spdk_bdev,4000.0,5
76,Local,7,256,10,spdk_bdev,4000.0,6
77,Local,7,256,10,spdk_bdev,4000.0,7
78,Local,7,256,10,spdk_bdev,4000.0,8
79,Local,7,256,10,spdk_bdev,4000.0,9
80,Local,8,512,10,spdk_bdev,4000.0,0
81,Local,8,512,10,spdk_bdev,4000.0,1
82,Local,8,512,10,spdk_bdev,4000.0,2
83,Local,8,512,10,spdk_bdev,4000.0,3
84,Local,8,512,10,spdk_bdev,4000.0,4
85,Local,8,512,10,spdk_bdev,4000.0,5
86,Local,8,512,10,spdk_bdev,4000.0,6
87,Local,8,512,10,spdk_bdev,4000.0,7
88,Local,8,512,10,spdk_bdev,4000.0,8
89,Local,8,512,10,spdk_bdev,4000.0,9
90,Local,9,1023,10,spdk_bdev,4000.0,0
91,Local,9,1023,10,spdk_bdev,4000.0,1
92,Local,9,1023,10,spdk_bdev,4000.0,2
93,Local,9,1023,10,spdk_bdev,4000.0,3
94,Local,9,1023,10,spdk_bdev,4000.0,4
95,Local,9,1023,10,spdk_bdev,4000.0,5
96,Local,9,1023,10,spdk_bdev,4000.0,6
97,Local,9,1023,10,spdk_bdev,4000.0,7
98,Local,9,1023,10,spdk_bdev,4000.0,8
99,Local,9,1023,10,spdk_bdev,4000.0,9
100,Local,10,64,4,libaio,1333.33,0
101,Local,10,64,4,libaio,1333.33,1
102,Local,10,64,4,libaio,1333.33,2
103,Local,10,64,4,libaio,1000.0,3
104,Local,10,64,4,libaio,1333.33,4
105,Local,10,64,4,libaio,1000.0,5
106,Local,10,64,4,libaio,1000.0,6
107,Local,10,64,4,libaio,1333.33,7
108,Local,10,64,4,libaio,1000.0,8
109,Local,10,64,4,libaio,1000.0,9
110,Local,11,128,4,libaio,1333.33,0
111,Local,11,128,4,libaio,1333.33,1
112,Local,11,128,4,libaio,1000.0,2
113,Local,11,128,4,libaio,1333.33,3
114,Local,11,128,4,libaio,2000.0,4
115,Local,11,128,4,libaio,1000.0,5
116,Local,11,128,4,libaio,1333.33,6
117,Local,11,128,4,libaio,1333.33,7
118,Local,11,128,4,libaio,1000.0,8
119,Local,11,128,4,libaio,1333.33,9
120,Local,12,256,4,libaio,1000.0,0
121,Local,12,256,4,libaio,1000.0,1
122,Local,12,256,4,libaio,1000.0,2
123,Local,12,256,4,libaio,1333.33,3
124,Local,12,256,4,libaio,1000.0,4
125,Local,12,256,4,libaio,1000.0,5
126,Local,12,256,4,libaio,1333.33,6
127,Local,12,256,4,libaio,1000.0,7
128,Local,12,256,4,libaio,1000.0,8
129,Local,12,256,4,libaio,1333.33,9
130,Local,13,512,4,libaio,1000.0,0
131,Local,13,512,4,libaio,1000.0,1
132,Local,13,512,4,libaio,1333.33,2
133,Local,13,512,4,libaio,1000.0,3
134,Local,13,512,4,libaio,1000.0,4
135,Local,13,512,4,libaio,1333.33,5
136,Local,13,512,4,libaio,1000.0,6
137,Local,13,512,4,libaio,1333.33,7
138,Local,13,512,4,libaio,1333.33,8
139,Local,13,512,4,libaio,1000.0,9
140,Local,14,1023,4,libaio,1000.0,0
141,Local,14,1023,4,libaio,1000.0,1
142,Local,14,1023,4,libaio,1000.0,2
143,Local,14,1023,4,libaio,1000.0,3
144,Local,14,1023,4,libaio,1000.0,4
145,Local,14,1023,4,libaio,1000.0,5
146,Local,14,1023,4,libaio,1333.33,6
147,Local,14,1023,4,libaio,1000.0,7
148,Local,14,1023,4,libaio,1000.0,8
149,Local,14,1023,4,libaio,1000.0,9
150,Local,15,64,10,libaio,3000.0,0
151,Local,15,64,10,libaio,2400.0,1
152,Local,15,64,10,libaio,3000.0,2
153,Local,15,64,10,libaio,2400.0,3
154,Local,15,64,10,libaio,2400.0,4
155,Local,15,64,10,libaio,3000.0,5
156,Local,15,64,10,libaio,3000.0,6
157,Local,15,64,10,libaio,2000.0,7
158,Local,15,64,10,libaio,3000.0,8
159,Local,15,64,10,libaio,3000.0,9
160,Local,16,128,10,libaio,2000.0,0
161,Local,16,128,10,libaio,3000.0,1
162,Local,16,128,10,libaio,3000.0,2
163,Local,16,128,10,libaio,2400.0,3
164,Local,16,128,10,libaio,3000.0,4
165,Local,16,128,10,libaio,3000.0,5
166,Local,16,128,10,libaio,2400.0,6
167,Local,16,128,10,libaio,2400.0,7
168,Local,16,128,10,libaio,2400.0,8
169,Local,16,128,10,libaio,2400.0,9
170,Local,17,256,10,libaio,2400.0,0
171,Local,17,256,10,libaio,2400.0,1
172,Local,17,256,10,libaio,2400.0,2
173,Local,17,256,10,libaio,2400.0,3
174,Local,17,256,10,libaio,3000.0,4
175,Local,17,256,10,libaio,2400.0,5
176,Local,17,256,10,libaio,2400.0,6
177,Local,17,256,10,libaio,2400.0,7
178,Local,17,256,10,libaio,2400.0,8
179,Local,17,256,10,libaio,2400.0,9
180,Local,18,512,10,libaio,2400.0,0
181,Local,18,512,10,libaio,2400.0,1
182,Local,18,512,10,libaio,2400.0,2
183,Local,18,512,10,libaio,3000.0,3
184,Local,18,512,10,libaio,2400.0,4
185,Local,18,512,10,libaio,2400.0,5
186,Local,18,512,10,libaio,2400.0,6
187,Local,18,512,10,libaio,2400.0,7
188,Local,18,512,10,libaio,3000.0,8
189,Local,18,512,10,libaio,2400.0,9
190,Local,19,1023,10,libaio,2400.0,0
191,Local,19,1023,10,libaio,2400.0,1
192,Local,19,1023,10,libaio,2400.0,2
193,Local,19,1023,10,libaio,2400.0,3
194,Local,19,1023,10,libaio,3000.0,4
195,Local,19,1023,10,libaio,2400.0,5
196,Local,19,1023,10,libaio,2400.0,6
197,Local,19,1023,10,libaio,2400.0,7
198,Local,19,1023,10,libaio,2400.0,8
199,Local,19,1023,10,libaio,2400.0,9
