index,build,test_index,RW,IODEPTH,SIZE,ENGINE,y_BANDWIDTH,run_index
0,Local,0,read,1,4,spdk_bdev,2000.0,0
1,Local,0,read,1,4,spdk_bdev,2000.0,1
2,Local,0,read,1,4,spdk_bdev,2000.0,2
3,Local,0,read,1,4,spdk_bdev,2000.0,3
4,Local,0,read,1,4,spdk_bdev,2000.0,4
5,Local,0,read,1,4,spdk_bdev,2000.0,5
6,Local,0,read,1,4,spdk_bdev,2000.0,6
7,Local,0,read,1,4,spdk_bdev,2000.0,7
8,Local,0,read,1,4,spdk_bdev,2000.0,8
9,Local,0,read,1,4,spdk_bdev,2000.0,9
10,Local,1,write,1,4,spdk_bdev,285.71,0
11,Local,1,write,1,4,spdk_bdev,285.71,1
12,Local,1,write,1,4,spdk_bdev,285.71,2
13,Local,1,write,1,4,spdk_bdev,285.71,3
14,Local,1,write,1,4,spdk_bdev,285.71,4
15,Local,1,write,1,4,spdk_bdev,285.71,5
16,Local,1,write,1,4,spdk_bdev,285.71,6
17,Local,1,write,1,4,spdk_bdev,285.71,7
18,Local,1,write,1,4,spdk_bdev,285.71,8
19,Local,1,write,1,4,spdk_bdev,285.71,9
20,Local,2,randread,1,4,spdk_bdev,2000.0,0
21,Local,2,randread,1,4,spdk_bdev,2000.0,1
22,Local,2,randread,1,4,spdk_bdev,2000.0,2
23,Local,2,randread,1,4,spdk_bdev,2000.0,3
24,Local,2,randread,1,4,spdk_bdev,2000.0,4
25,Local,2,randread,1,4,spdk_bdev,2000.0,5
26,Local,2,randread,1,4,spdk_bdev,2000.0,6
27,Local,2,randread,1,4,spdk_bdev,2000.0,7
28,Local,2,randread,1,4,spdk_bdev,2000.0,8
29,Local,2,randread,1,4,spdk_bdev,2000.0,9
30,Local,3,randwrite,1,4,spdk_bdev,285.71,0
31,Local,3,randwrite,1,4,spdk_bdev,285.71,1
32,Local,3,randwrite,1,4,spdk_bdev,285.71,2
33,Local,3,randwrite,1,4,spdk_bdev,285.71,3
34,Local,3,randwrite,1,4,spdk_bdev,285.71,4
35,Local,3,randwrite,1,4,spdk_bdev,285.71,5
36,Local,3,randwrite,1,4,spdk_bdev,285.71,6
37,Local,3,randwrite,1,4,spdk_bdev,285.71,7
38,Local,3,randwrite,1,4,spdk_bdev,285.71,8
39,Local,3,randwrite,1,4,spdk_bdev,285.71,9
40,Local,4,read,16,4,spdk_bdev,2000.0,0
41,Local,4,read,16,4,spdk_bdev,2000.0,1
42,Local,4,read,16,4,spdk_bdev,2000.0,2
43,Local,4,read,16,4,spdk_bdev,2000.0,3
44,Local,4,read,16,4,spdk_bdev,2000.0,4
45,Local,4,read,16,4,spdk_bdev,2000.0,5
46,Local,4,read,16,4,spdk_bdev,2000.0,6
47,Local,4,read,16,4,spdk_bdev,2000.0,7
48,Local,4,read,16,4,spdk_bdev,2000.0,8
49,Local,4,read,16,4,spdk_bdev,2000.0,9
50,Local,5,write,16,4,spdk_bdev,285.71,0
51,Local,5,write,16,4,spdk_bdev,285.71,1
52,Local,5,write,16,4,spdk_bdev,285.71,2
53,Local,5,write,16,4,spdk_bdev,285.71,3
54,Local,5,write,16,4,spdk_bdev,285.71,4
55,Local,5,write,16,4,spdk_bdev,285.71,5
56,Local,5,write,16,4,spdk_bdev,285.71,6
57,Local,5,write,16,4,spdk_bdev,285.71,7
58,Local,5,write,16,4,spdk_bdev,285.71,8
59,Local,5,write,16,4,spdk_bdev,285.71,9
60,Local,6,randread,16,4,spdk_bdev,2000.0,0
61,Local,6,randread,16,4,spdk_bdev,2000.0,1
62,Local,6,randread,16,4,spdk_bdev,2000.0,2
63,Local,6,randread,16,4,spdk_bdev,2000.0,3
64,Local,6,randread,16,4,spdk_bdev,2000.0,4
65,Local,6,randread,16,4,spdk_bdev,2000.0,5
66,Local,6,randread,16,4,spdk_bdev,2000.0,6
67,Local,6,randread,16,4,spdk_bdev,2000.0,7
68,Local,6,randread,16,4,spdk_bdev,2000.0,8
69,Local,6,randread,16,4,spdk_bdev,2000.0,9
70,Local,7,randwrite,16,4,spdk_bdev,285.71,0
71,Local,7,randwrite,16,4,spdk_bdev,285.71,1
72,Local,7,randwrite,16,4,spdk_bdev,285.71,2
73,Local,7,randwrite,16,4,spdk_bdev,285.71,3
74,Local,7,randwrite,16,4,spdk_bdev,285.71,4
75,Local,7,randwrite,16,4,spdk_bdev,285.71,5
76,Local,7,randwrite,16,4,spdk_bdev,285.71,6
77,Local,7,randwrite,16,4,spdk_bdev,285.71,7
78,Local,7,randwrite,16,4,spdk_bdev,285.71,8
79,Local,7,randwrite,16,4,spdk_bdev,285.71,9
80,Local,8,read,32,4,spdk_bdev,2000.0,0
81,Local,8,read,32,4,spdk_bdev,2000.0,1
82,Local,8,read,32,4,spdk_bdev,2000.0,2
83,Local,8,read,32,4,spdk_bdev,2000.0,3
84,Local,8,read,32,4,spdk_bdev,2000.0,4
85,Local,8,read,32,4,spdk_bdev,2000.0,5
86,Local,8,read,32,4,spdk_bdev,2000.0,6
87,Local,8,read,32,4,spdk_bdev,2000.0,7
88,Local,8,read,32,4,spdk_bdev,2000.0,8
89,Local,8,read,32,4,spdk_bdev,2000.0,9
90,Local,9,write,32,4,spdk_bdev,285.71,0
91,Local,9,write,32,4,spdk_bdev,285.71,1
92,Local,9,write,32,4,spdk_bdev,285.71,2
93,Local,9,write,32,4,spdk_bdev,285.71,3
94,Local,9,write,32,4,spdk_bdev,285.71,4
95,Local,9,write,32,4,spdk_bdev,285.71,5
96,Local,9,write,32,4,spdk_bdev,285.71,6
97,Local,9,write,32,4,spdk_bdev,285.71,7
98,Local,9,write,32,4,spdk_bdev,285.71,8
99,Local,9,write,32,4,spdk_bdev,285.71,9
100,Local,10,randread,32,4,spdk_bdev,2000.0,0
101,Local,10,randread,32,4,spdk_bdev,2000.0,1
102,Local,10,randread,32,4,spdk_bdev,2000.0,2
103,Local,10,randread,32,4,spdk_bdev,2000.0,3
104,Local,10,randread,32,4,spdk_bdev,2000.0,4
105,Local,10,randread,32,4,spdk_bdev,2000.0,5
106,Local,10,randread,32,4,spdk_bdev,2000.0,6
107,Local,10,randread,32,4,spdk_bdev,2000.0,7
108,Local,10,randread,32,4,spdk_bdev,2000.0,8
109,Local,10,randread,32,4,spdk_bdev,2000.0,9
110,Local,11,randwrite,32,4,spdk_bdev,285.71,0
111,Local,11,randwrite,32,4,spdk_bdev,285.71,1
112,Local,11,randwrite,32,4,spdk_bdev,285.71,2
113,Local,11,randwrite,32,4,spdk_bdev,285.71,3
114,Local,11,randwrite,32,4,spdk_bdev,285.71,4
115,Local,11,randwrite,32,4,spdk_bdev,285.71,5
116,Local,11,randwrite,32,4,spdk_bdev,285.71,6
117,Local,11,randwrite,32,4,spdk_bdev,285.71,7
118,Local,11,randwrite,32,4,spdk_bdev,285.71,8
119,Local,11,randwrite,32,4,spdk_bdev,285.71,9
120,Local,12,read,1,10,spdk_bdev,4000.0,0
121,Local,12,read,1,10,spdk_bdev,4000.0,1
122,Local,12,read,1,10,spdk_bdev,4000.0,2
123,Local,12,read,1,10,spdk_bdev,4000.0,3
124,Local,12,read,1,10,spdk_bdev,4000.0,4
125,Local,12,read,1,10,spdk_bdev,4000.0,5
126,Local,12,read,1,10,spdk_bdev,4000.0,6
127,Local,12,read,1,10,spdk_bdev,4000.0,7
128,Local,12,read,1,10,spdk_bdev,4000.0,8
129,Local,12,read,1,10,spdk_bdev,4000.0,9
130,Local,13,write,1,10,spdk_bdev,631.57,0
131,Local,13,write,1,10,spdk_bdev,631.57,1
132,Local,13,write,1,10,spdk_bdev,631.57,2
133,Local,13,write,1,10,spdk_bdev,631.57,3
134,Local,13,write,1,10,spdk_bdev,631.57,4
135,Local,13,write,1,10,spdk_bdev,631.57,5
136,Local,13,write,1,10,spdk_bdev,631.57,6
137,Local,13,write,1,10,spdk_bdev,631.57,7
138,Local,13,write,1,10,spdk_bdev,631.57,8
139,Local,13,write,1,10,spdk_bdev,631.57,9
140,Local,14,randread,1,10,spdk_bdev,4000.0,0
141,Local,14,randread,1,10,spdk_bdev,4000.0,1
142,Local,14,randread,1,10,spdk_bdev,4000.0,2
143,Local,14,randread,1,10,spdk_bdev,4000.0,3
144,Local,14,randread,1,10,spdk_bdev,4000.0,4
145,Local,14,randread,1,10,spdk_bdev,4000.0,5
146,Local,14,randread,1,10,spdk_bdev,4000.0,6
147,Local,14,randread,1,10,spdk_bdev,4000.0,7
148,Local,14,randread,1,10,spdk_bdev,4000.0,8
149,Local,14,randread,1,10,spdk_bdev,4000.0,9
150,Local,15,randwrite,1,10,spdk_bdev,444.44,0
151,Local,15,randwrite,1,10,spdk_bdev,444.44,1
152,Local,15,randwrite,1,10,spdk_bdev,444.44,2
153,Local,15,randwrite,1,10,spdk_bdev,444.44,3
154,Local,15,randwrite,1,10,spdk_bdev,444.44,4
155,Local,15,randwrite,1,10,spdk_bdev,444.44,5
156,Local,15,randwrite,1,10,spdk_bdev,444.44,6
157,Local,15,randwrite,1,10,spdk_bdev,444.44,7
158,Local,15,randwrite,1,10,spdk_bdev,444.44,8
159,Local,15,randwrite,1,10,spdk_bdev,444.44,9
160,Local,16,read,16,10,spdk_bdev,6000.0,0
161,Local,16,read,16,10,spdk_bdev,6000.0,1
162,Local,16,read,16,10,spdk_bdev,6000.0,2
163,Local,16,read,16,10,spdk_bdev,6000.0,3
164,Local,16,read,16,10,spdk_bdev,6000.0,4
165,Local,16,read,16,10,spdk_bdev,6000.0,5
166,Local,16,read,16,10,spdk_bdev,6000.0,6
167,Local,16,read,16,10,spdk_bdev,6000.0,7
168,Local,16,read,16,10,spdk_bdev,6000.0,8
169,Local,16,read,16,10,spdk_bdev,6000.0,9
170,Local,17,write,16,10,spdk_bdev,631.57,0
171,Local,17,write,16,10,spdk_bdev,631.57,1
172,Local,17,write,16,10,spdk_bdev,631.57,2
173,Local,17,write,16,10,spdk_bdev,600.0,3
174,Local,17,write,16,10,spdk_bdev,631.57,4
175,Local,17,write,16,10,spdk_bdev,600.0,5
176,Local,17,write,16,10,spdk_bdev,600.0,6
177,Local,17,write,16,10,spdk_bdev,631.57,7
178,Local,17,write,16,10,spdk_bdev,600.0,8
179,Local,17,write,16,10,spdk_bdev,631.57,9
180,Local,18,randread,16,10,spdk_bdev,4000.0,0
181,Local,18,randread,16,10,spdk_bdev,4000.0,1
182,Local,18,randread,16,10,spdk_bdev,4000.0,2
183,Local,18,randread,16,10,spdk_bdev,4000.0,3
184,Local,18,randread,16,10,spdk_bdev,4000.0,4
185,Local,18,randread,16,10,spdk_bdev,4000.0,5
186,Local,18,randread,16,10,spdk_bdev,4000.0,6
187,Local,18,randread,16,10,spdk_bdev,4000.0,7
188,Local,18,randread,16,10,spdk_bdev,4000.0,8
189,Local,18,randread,16,10,spdk_bdev,4000.0,9
190,Local,19,randwrite,16,10,spdk_bdev,421.05,0
191,Local,19,randwrite,16,10,spdk_bdev,421.05,1
192,Local,19,randwrite,16,10,spdk_bdev,421.05,2
193,Local,19,randwrite,16,10,spdk_bdev,421.05,3
194,Local,19,randwrite,16,10,spdk_bdev,421.05,4
195,Local,19,randwrite,16,10,spdk_bdev,421.05,5
196,Local,19,randwrite,16,10,spdk_bdev,421.05,6
197,Local,19,randwrite,16,10,spdk_bdev,421.05,7
198,Local,19,randwrite,16,10,spdk_bdev,421.05,8
199,Local,19,randwrite,16,10,spdk_bdev,421.05,9
200,Local,20,read,32,10,spdk_bdev,6000.0,0
201,Local,20,read,32,10,spdk_bdev,6000.0,1
202,Local,20,read,32,10,spdk_bdev,6000.0,2
203,Local,20,read,32,10,spdk_bdev,6000.0,3
204,Local,20,read,32,10,spdk_bdev,6000.0,4
205,Local,20,read,32,10,spdk_bdev,6000.0,5
206,Local,20,read,32,10,spdk_bdev,6000.0,6
207,Local,20,read,32,10,spdk_bdev,6000.0,7
208,Local,20,read,32,10,spdk_bdev,6000.0,8
209,Local,20,read,32,10,spdk_bdev,6000.0,9
210,Local,21,write,32,10,spdk_bdev,631.57,0
211,Local,21,write,32,10,spdk_bdev,631.57,1
212,Local,21,write,32,10,spdk_bdev,631.57,2
213,Local,21,write,32,10,spdk_bdev,600.0,3
214,Local,21,write,32,10,spdk_bdev,631.57,4
215,Local,21,write,32,10,spdk_bdev,631.57,5
216,Local,21,write,32,10,spdk_bdev,631.57,6
217,Local,21,write,32,10,spdk_bdev,600.0,7
218,Local,21,write,32,10,spdk_bdev,631.57,8
219,Local,21,write,32,10,spdk_bdev,631.57,9
220,Local,22,randread,32,10,spdk_bdev,4000.0,0
221,Local,22,randread,32,10,spdk_bdev,4000.0,1
222,Local,22,randread,32,10,spdk_bdev,4000.0,2
223,Local,22,randread,32,10,spdk_bdev,4000.0,3
224,Local,22,randread,32,10,spdk_bdev,4000.0,4
225,Local,22,randread,32,10,spdk_bdev,4000.0,5
226,Local,22,randread,32,10,spdk_bdev,4000.0,6
227,Local,22,randread,32,10,spdk_bdev,4000.0,7
228,Local,22,randread,32,10,spdk_bdev,4000.0,8
229,Local,22,randread,32,10,spdk_bdev,4000.0,9
230,Local,23,randwrite,32,10,spdk_bdev,421.05,0
231,Local,23,randwrite,32,10,spdk_bdev,421.05,1
232,Local,23,randwrite,32,10,spdk_bdev,421.05,2
233,Local,23,randwrite,32,10,spdk_bdev,421.05,3
234,Local,23,randwrite,32,10,spdk_bdev,421.05,4
235,Local,23,randwrite,32,10,spdk_bdev,421.05,5
236,Local,23,randwrite,32,10,spdk_bdev,421.05,6
237,Local,23,randwrite,32,10,spdk_bdev,421.05,7
238,Local,23,randwrite,32,10,spdk_bdev,421.05,8
239,Local,23,randwrite,32,10,spdk_bdev,421.05,9
240,Local,24,read,1,100,spdk_bdev,6250.0,0
241,Local,24,read,1,100,spdk_bdev,6250.0,1
242,Local,24,read,1,100,spdk_bdev,6250.0,2
243,Local,24,read,1,100,spdk_bdev,6250.0,3
244,Local,24,read,1,100,spdk_bdev,6250.0,4
245,Local,24,read,1,100,spdk_bdev,6250.0,5
246,Local,24,read,1,100,spdk_bdev,6250.0,6
247,Local,24,read,1,100,spdk_bdev,6250.0,7
248,Local,24,read,1,100,spdk_bdev,6250.0,8
249,Local,24,read,1,100,spdk_bdev,6250.0,9
250,Local,25,write,1,100,spdk_bdev,2777.77,0
251,Local,25,write,1,100,spdk_bdev,2777.77,1
252,Local,25,write,1,100,spdk_bdev,2777.77,2
253,Local,25,write,1,100,spdk_bdev,2040.81,3
254,Local,25,write,1,100,spdk_bdev,2777.77,4
255,Local,25,write,1,100,spdk_bdev,2777.77,5
256,Local,25,write,1,100,spdk_bdev,2777.77,6
257,Local,25,write,1,100,spdk_bdev,2777.77,7
258,Local,25,write,1,100,spdk_bdev,2777.77,8
259,Local,25,write,1,100,spdk_bdev,2777.77,9
260,Local,26,randread,1,100,spdk_bdev,5000.0,0
261,Local,26,randread,1,100,spdk_bdev,5263.15,1
262,Local,26,randread,1,100,spdk_bdev,5555.55,2
263,Local,26,randread,1,100,spdk_bdev,5555.55,3
264,Local,26,randread,1,100,spdk_bdev,5555.55,4
265,Local,26,randread,1,100,spdk_bdev,5555.55,5
266,Local,26,randread,1,100,spdk_bdev,5555.55,6
267,Local,26,randread,1,100,spdk_bdev,5555.55,7
268,Local,26,randread,1,100,spdk_bdev,5555.55,8
269,Local,26,randread,1,100,spdk_bdev,5263.15,9
270,Local,27,randwrite,1,100,spdk_bdev,2777.77,0
271,Local,27,randwrite,1,100,spdk_bdev,2777.77,1
272,Local,27,randwrite,1,100,spdk_bdev,2702.7,2
273,Local,27,randwrite,1,100,spdk_bdev,2777.77,3
274,Local,27,randwrite,1,100,spdk_bdev,2777.77,4
275,Local,27,randwrite,1,100,spdk_bdev,2777.77,5
276,Local,27,randwrite,1,100,spdk_bdev,2777.77,6
277,Local,27,randwrite,1,100,spdk_bdev,2325.58,7
278,Local,27,randwrite,1,100,spdk_bdev,2777.77,8
279,Local,27,randwrite,1,100,spdk_bdev,2777.77,9
280,Local,28,read,16,100,spdk_bdev,6250.0,0
281,Local,28,read,16,100,spdk_bdev,6250.0,1
282,Local,28,read,16,100,spdk_bdev,6250.0,2
283,Local,28,read,16,100,spdk_bdev,6250.0,3
284,Local,28,read,16,100,spdk_bdev,6666.66,4
285,Local,28,read,16,100,spdk_bdev,6666.66,5
286,Local,28,read,16,100,spdk_bdev,6250.0,6
287,Local,28,read,16,100,spdk_bdev,6250.0,7
288,Local,28,read,16,100,spdk_bdev,6666.66,8
289,Local,28,read,16,100,spdk_bdev,6666.66,9
290,Local,29,write,16,100,spdk_bdev,2857.14,0
291,Local,29,write,16,100,spdk_bdev,2857.14,1
292,Local,29,write,16,100,spdk_bdev,2857.14,2
293,Local,29,write,16,100,spdk_bdev,2857.14,3
294,Local,29,write,16,100,spdk_bdev,2857.14,4
295,Local,29,write,16,100,spdk_bdev,2857.14,5
296,Local,29,write,16,100,spdk_bdev,2857.14,6
297,Local,29,write,16,100,spdk_bdev,2857.14,7
298,Local,29,write,16,100,spdk_bdev,2857.14,8
299,Local,29,write,16,100,spdk_bdev,2857.14,9
300,Local,30,randread,16,100,spdk_bdev,6250.0,0
301,Local,30,randread,16,100,spdk_bdev,6250.0,1
302,Local,30,randread,16,100,spdk_bdev,6250.0,2
303,Local,30,randread,16,100,spdk_bdev,6666.66,3
304,Local,30,randread,16,100,spdk_bdev,6666.66,4
305,Local,30,randread,16,100,spdk_bdev,6250.0,5
306,Local,30,randread,16,100,spdk_bdev,6250.0,6
307,Local,30,randread,16,100,spdk_bdev,6250.0,7
308,Local,30,randread,16,100,spdk_bdev,6250.0,8
309,Local,30,randread,16,100,spdk_bdev,6250.0,9
310,Local,31,randwrite,16,100,spdk_bdev,2857.14,0
311,Local,31,randwrite,16,100,spdk_bdev,2380.95,1
312,Local,31,randwrite,16,100,spdk_bdev,2631.57,2
313,Local,31,randwrite,16,100,spdk_bdev,2857.14,3
314,Local,31,randwrite,16,100,spdk_bdev,2857.14,4
315,Local,31,randwrite,16,100,spdk_bdev,2857.14,5
316,Local,31,randwrite,16,100,spdk_bdev,2857.14,6
317,Local,31,randwrite,16,100,spdk_bdev,2857.14,7
318,Local,31,randwrite,16,100,spdk_bdev,2857.14,8
319,Local,31,randwrite,16,100,spdk_bdev,2857.14,9
320,Local,32,read,32,100,spdk_bdev,6250.0,0
321,Local,32,read,32,100,spdk_bdev,6250.0,1
322,Local,32,read,32,100,spdk_bdev,6666.66,2
323,Local,32,read,32,100,spdk_bdev,6250.0,3
324,Local,32,read,32,100,spdk_bdev,6250.0,4
325,Local,32,read,32,100,spdk_bdev,6666.66,5
326,Local,32,read,32,100,spdk_bdev,6250.0,6
327,Local,32,read,32,100,spdk_bdev,6250.0,7
328,Local,32,read,32,100,spdk_bdev,6250.0,8
329,Local,32,read,32,100,spdk_bdev,6250.0,9
330,Local,33,write,32,100,spdk_bdev,2777.77,0
331,Local,33,write,32,100,spdk_bdev,2777.77,1
332,Local,33,write,32,100,spdk_bdev,2777.77,2
333,Local,33,write,32,100,spdk_bdev,2777.77,3
334,Local,33,write,32,100,spdk_bdev,2777.77,4
335,Local,33,write,32,100,spdk_bdev,2325.58,5
336,Local,33,write,32,100,spdk_bdev,2325.58,6
337,Local,33,write,32,100,spdk_bdev,2777.77,7
338,Local,33,write,32,100,spdk_bdev,2777.77,8
339,Local,33,write,32,100,spdk_bdev,2777.77,9
340,Local,34,randread,32,100,spdk_bdev,6666.66,0
341,Local,34,randread,32,100,spdk_bdev,6250.0,1
342,Local,34,randread,32,100,spdk_bdev,6666.66,2
343,Local,34,randread,32,100,spdk_bdev,6250.0,3
344,Local,34,randread,32,100,spdk_bdev,6666.66,4
345,Local,34,randread,32,100,spdk_bdev,6666.66,5
346,Local,34,randread,32,100,spdk_bdev,6250.0,6
347,Local,34,randread,32,100,spdk_bdev,6250.0,7
348,Local,34,randread,32,100,spdk_bdev,6250.0,8
349,Local,34,randread,32,100,spdk_bdev,6666.66,9
350,Local,35,randwrite,32,100,spdk_bdev,2777.77,0
351,Local,35,randwrite,32,100,spdk_bdev,2777.77,1
352,Local,35,randwrite,32,100,spdk_bdev,2777.77,2
353,Local,35,randwrite,32,100,spdk_bdev,2777.77,3
354,Local,35,randwrite,32,100,spdk_bdev,2777.77,4
355,Local,35,randwrite,32,100,spdk_bdev,2777.77,5
356,Local,35,randwrite,32,100,spdk_bdev,2777.77,6
357,Local,35,randwrite,32,100,spdk_bdev,2777.77,7
358,Local,35,randwrite,32,100,spdk_bdev,2777.77,8
359,Local,35,randwrite,32,100,spdk_bdev,2325.58,9
360,Local,36,read,1,1024,spdk_bdev,6522.29,0
361,Local,36,read,1,1024,spdk_bdev,5688.88,1
362,Local,36,read,1,1024,spdk_bdev,6564.1,2
363,Local,36,read,1,1024,spdk_bdev,5720.67,3
364,Local,36,read,1,1024,spdk_bdev,6606.45,4
365,Local,36,read,1,1024,spdk_bdev,5720.67,5
366,Local,36,read,1,1024,spdk_bdev,6564.1,6
367,Local,36,read,1,1024,spdk_bdev,5720.67,7
368,Local,36,read,1,1024,spdk_bdev,6564.1,8
369,Local,36,read,1,1024,spdk_bdev,5657.45,9
370,Local,37,write,1,1024,spdk_bdev,4591.92,0
371,Local,37,write,1,1024,spdk_bdev,4491.22,1
372,Local,37,write,1,1024,spdk_bdev,4471.61,2
373,Local,37,write,1,1024,spdk_bdev,4718.89,3
374,Local,37,write,1,1024,spdk_bdev,4530.97,4
375,Local,37,write,1,1024,spdk_bdev,4471.61,5
376,Local,37,write,1,1024,spdk_bdev,4530.97,6
377,Local,37,write,1,1024,spdk_bdev,4740.74,7
378,Local,37,write,1,1024,spdk_bdev,4471.61,8
379,Local,37,write,1,1024,spdk_bdev,4530.97,9
380,Local,38,randread,1,1024,spdk_bdev,5752.8,0
381,Local,38,randread,1,1024,spdk_bdev,5818.18,1
382,Local,38,randread,1,1024,spdk_bdev,5752.8,2
383,Local,38,randread,1,1024,spdk_bdev,5752.8,3
384,Local,38,randread,1,1024,spdk_bdev,5752.8,4
385,Local,38,randread,1,1024,spdk_bdev,5752.8,5
386,Local,38,randread,1,1024,spdk_bdev,5752.8,6
387,Local,38,randread,1,1024,spdk_bdev,5752.8,7
388,Local,38,randread,1,1024,spdk_bdev,5818.18,8
389,Local,38,randread,1,1024,spdk_bdev,5752.8,9
390,Local,39,randwrite,1,1024,spdk_bdev,4633.48,0
391,Local,39,randwrite,1,1024,spdk_bdev,4571.42,1
392,Local,39,randwrite,1,1024,spdk_bdev,4511.01,2
393,Local,39,randwrite,1,1024,spdk_bdev,4471.61,3
394,Local,39,randwrite,1,1024,spdk_bdev,4807.51,4
395,Local,39,randwrite,1,1024,spdk_bdev,4530.97,5
396,Local,39,randwrite,1,1024,spdk_bdev,4511.01,6
397,Local,39,randwrite,1,1024,spdk_bdev,4471.61,7
398,Local,39,randwrite,1,1024,spdk_bdev,4697.24,8
399,Local,39,randwrite,1,1024,spdk_bdev,4511.01,9
400,Local,40,read,16,1024,spdk_bdev,6781.45,0
401,Local,40,read,16,1024,spdk_bdev,6781.45,1
402,Local,40,read,16,1024,spdk_bdev,6781.45,2
403,Local,40,read,16,1024,spdk_bdev,6692.81,3
404,Local,40,read,16,1024,spdk_bdev,6736.84,4
405,Local,40,read,16,1024,spdk_bdev,6736.84,5
406,Local,40,read,16,1024,spdk_bdev,6781.45,6
407,Local,40,read,16,1024,spdk_bdev,6736.84,7
408,Local,40,read,16,1024,spdk_bdev,6736.84,8
409,Local,40,read,16,1024,spdk_bdev,6736.84,9
410,Local,41,write,16,1024,spdk_bdev,5389.47,0
411,Local,41,write,16,1024,spdk_bdev,5688.88,1
412,Local,41,write,16,1024,spdk_bdev,5688.88,2
413,Local,41,write,16,1024,spdk_bdev,5417.98,3
414,Local,41,write,16,1024,spdk_bdev,5389.47,4
415,Local,41,write,16,1024,spdk_bdev,5818.18,5
416,Local,41,write,16,1024,spdk_bdev,5389.47,6
417,Local,41,write,16,1024,spdk_bdev,5389.47,7
418,Local,41,write,16,1024,spdk_bdev,5446.8,8
419,Local,41,write,16,1024,spdk_bdev,5851.42,9
420,Local,42,randread,16,1024,spdk_bdev,6736.84,0
421,Local,42,randread,16,1024,spdk_bdev,6781.45,1
422,Local,42,randread,16,1024,spdk_bdev,6781.45,2
423,Local,42,randread,16,1024,spdk_bdev,6736.84,3
424,Local,42,randread,16,1024,spdk_bdev,6736.84,4
425,Local,42,randread,16,1024,spdk_bdev,6692.81,5
426,Local,42,randread,16,1024,spdk_bdev,6781.45,6
427,Local,42,randread,16,1024,spdk_bdev,6736.84,7
428,Local,42,randread,16,1024,spdk_bdev,6736.84,8
429,Local,42,randread,16,1024,spdk_bdev,6736.84,9
430,Local,43,randwrite,16,1024,spdk_bdev,5361.25,0
431,Local,43,randwrite,16,1024,spdk_bdev,5417.98,1
432,Local,43,randwrite,16,1024,spdk_bdev,5595.62,2
433,Local,43,randwrite,16,1024,spdk_bdev,5565.21,3
434,Local,43,randwrite,16,1024,spdk_bdev,5475.93,4
435,Local,43,randwrite,16,1024,spdk_bdev,5389.47,5
436,Local,43,randwrite,16,1024,spdk_bdev,5818.18,6
437,Local,43,randwrite,16,1024,spdk_bdev,5446.8,7
438,Local,43,randwrite,16,1024,spdk_bdev,5446.8,8
439,Local,43,randwrite,16,1024,spdk_bdev,5446.8,9
440,Local,44,read,32,1024,spdk_bdev,6736.84,0
441,Local,44,read,32,1024,spdk_bdev,6736.84,1
442,Local,44,read,32,1024,spdk_bdev,6781.45,2
443,Local,44,read,32,1024,spdk_bdev,6736.84,3
444,Local,44,read,32,1024,spdk_bdev,6736.84,4
445,Local,44,read,32,1024,spdk_bdev,6692.81,5
446,Local,44,read,32,1024,spdk_bdev,6736.84,6
447,Local,44,read,32,1024,spdk_bdev,6692.81,7
448,Local,44,read,32,1024,spdk_bdev,6736.84,8
449,Local,44,read,32,1024,spdk_bdev,6781.45,9
450,Local,45,write,32,1024,spdk_bdev,5785.31,0
451,Local,45,write,32,1024,spdk_bdev,5389.47,1
452,Local,45,write,32,1024,spdk_bdev,5389.47,2
453,Local,45,write,32,1024,spdk_bdev,5595.62,3
454,Local,45,write,32,1024,spdk_bdev,5626.37,4
455,Local,45,write,32,1024,spdk_bdev,5389.47,5
456,Local,45,write,32,1024,spdk_bdev,5361.25,6
457,Local,45,write,32,1024,spdk_bdev,5785.31,7
458,Local,45,write,32,1024,spdk_bdev,5333.33,8
459,Local,45,write,32,1024,spdk_bdev,5333.33,9
460,Local,46,randread,32,1024,spdk_bdev,6736.84,0
461,Local,46,randread,32,1024,spdk_bdev,6736.84,1
462,Local,46,randread,32,1024,spdk_bdev,6781.45,2
463,Local,46,randread,32,1024,spdk_bdev,6736.84,3
464,Local,46,randread,32,1024,spdk_bdev,6692.81,4
465,Local,46,randread,32,1024,spdk_bdev,6781.45,5
466,Local,46,randread,32,1024,spdk_bdev,6781.45,6
467,Local,46,randread,32,1024,spdk_bdev,6781.45,7
468,Local,46,randread,32,1024,spdk_bdev,6781.45,8
469,Local,46,randread,32,1024,spdk_bdev,6736.84,9
470,Local,47,randwrite,32,1024,spdk_bdev,5333.33,0
471,Local,47,randwrite,32,1024,spdk_bdev,5851.42,1
472,Local,47,randwrite,32,1024,spdk_bdev,5333.33,2
473,Local,47,randwrite,32,1024,spdk_bdev,5361.25,3
474,Local,47,randwrite,32,1024,spdk_bdev,5565.21,4
475,Local,47,randwrite,32,1024,spdk_bdev,5565.21,5
476,Local,47,randwrite,32,1024,spdk_bdev,5389.47,6
477,Local,47,randwrite,32,1024,spdk_bdev,5333.33,7
478,Local,47,randwrite,32,1024,spdk_bdev,5785.31,8
479,Local,47,randwrite,32,1024,spdk_bdev,5333.33,9
480,Local,48,read,1,4,libaio,1333.33,0
481,Local,48,read,1,4,libaio,1333.33,1
482,Local,48,read,1,4,libaio,1333.33,2
483,Local,48,read,1,4,libaio,1000.0,3
484,Local,48,read,1,4,libaio,1333.33,4
485,Local,48,read,1,4,libaio,1333.33,5
486,Local,48,read,1,4,libaio,1000.0,6
487,Local,48,read,1,4,libaio,1333.33,7
488,Local,48,read,1,4,libaio,1333.33,8
489,Local,48,read,1,4,libaio,1000.0,9
490,Local,49,write,1,4,libaio,266.66,0
491,Local,49,write,1,4,libaio,2000.0,1
492,Local,49,write,1,4,libaio,2000.0,2
493,Local,49,write,1,4,libaio,2000.0,3
494,Local,49,write,1,4,libaio,2000.0,4
495,Local,49,write,1,4,libaio,2000.0,5
496,Local,49,write,1,4,libaio,2000.0,6
497,Local,49,write,1,4,libaio,2000.0,7
498,Local,49,write,1,4,libaio,2000.0,8
499,Local,49,write,1,4,libaio,2000.0,9
500,Local,50,randread,1,4,libaio,2000.0,0
501,Local,50,randread,1,4,libaio,1333.33,1
502,Local,50,randread,1,4,libaio,1000.0,2
503,Local,50,randread,1,4,libaio,1333.33,3
504,Local,50,randread,1,4,libaio,1333.33,4
505,Local,50,randread,1,4,libaio,1333.33,5
506,Local,50,randread,1,4,libaio,1333.33,6
507,Local,50,randread,1,4,libaio,1333.33,7
508,Local,50,randread,1,4,libaio,1000.0,8
509,Local,50,randread,1,4,libaio,1333.33,9
510,Local,51,randwrite,1,4,libaio,2000.0,0
511,Local,51,randwrite,1,4,libaio,2000.0,1
512,Local,51,randwrite,1,4,libaio,2000.0,2
513,Local,51,randwrite,1,4,libaio,2000.0,3
514,Local,51,randwrite,1,4,libaio,2000.0,4
515,Local,51,randwrite,1,4,libaio,2000.0,5
516,Local,51,randwrite,1,4,libaio,2000.0,6
517,Local,51,randwrite,1,4,libaio,2000.0,7
518,Local,51,randwrite,1,4,libaio,2000.0,8
519,Local,51,randwrite,1,4,libaio,2000.0,9
520,Local,52,read,16,4,libaio,1333.33,0
521,Local,52,read,16,4,libaio,1000.0,1
522,Local,52,read,16,4,libaio,1333.33,2
523,Local,52,read,16,4,libaio,1333.33,3
524,Local,52,read,16,4,libaio,1000.0,4
525,Local,52,read,16,4,libaio,1333.33,5
526,Local,52,read,16,4,libaio,1333.33,6
527,Local,52,read,16,4,libaio,1000.0,7
528,Local,52,read,16,4,libaio,1333.33,8
529,Local,52,read,16,4,libaio,1333.33,9
530,Local,53,write,16,4,libaio,1333.33,0
531,Local,53,write,16,4,libaio,1333.33,1
532,Local,53,write,16,4,libaio,1000.0,2
533,Local,53,write,16,4,libaio,1333.33,3
534,Local,53,write,16,4,libaio,1333.33,4
535,Local,53,write,16,4,libaio,1333.33,5
536,Local,53,write,16,4,libaio,1333.33,6
537,Local,53,write,16,4,libaio,1000.0,7
538,Local,53,write,16,4,libaio,1333.33,8
539,Local,53,write,16,4,libaio,1333.33,9
540,Local,54,randread,16,4,libaio,1000.0,0
541,Local,54,randread,16,4,libaio,1333.33,1
542,Local,54,randread,16,4,libaio,1000.0,2
543,Local,54,randread,16,4,libaio,1000.0,3
544,Local,54,randread,16,4,libaio,1333.33,4
545,Local,54,randread,16,4,libaio,1333.33,5
546,Local,54,randread,16,4,libaio,1000.0,6
547,Local,54,randread,16,4,libaio,1333.33,7
548,Local,54,randread,16,4,libaio,1333.33,8
549,Local,54,randread,16,4,libaio,1000.0,9
550,Local,55,randwrite,16,4,libaio,1333.33,0
551,Local,55,randwrite,16,4,libaio,1333.33,1
552,Local,55,randwrite,16,4,libaio,1333.33,2
553,Local,55,randwrite,16,4,libaio,1333.33,3
554,Local,55,randwrite,16,4,libaio,1000.0,4
555,Local,55,randwrite,16,4,libaio,1333.33,5
556,Local,55,randwrite,16,4,libaio,1333.33,6
557,Local,55,randwrite,16,4,libaio,1333.33,7
558,Local,55,randwrite,16,4,libaio,1333.33,8
559,Local,55,randwrite,16,4,libaio,1000.0,9
560,Local,56,read,32,4,libaio,1333.33,0
561,Local,56,read,32,4,libaio,1333.33,1
562,Local,56,read,32,4,libaio,1333.33,2
563,Local,56,read,32,4,libaio,1333.33,3
564,Local,56,read,32,4,libaio,1333.33,4
565,Local,56,read,32,4,libaio,1333.33,5
566,Local,56,read,32,4,libaio,1333.33,6
567,Local,56,read,32,4,libaio,1000.0,7
568,Local,56,read,32,4,libaio,1000.0,8
569,Local,56,read,32,4,libaio,1333.33,9
570,Local,57,write,32,4,libaio,1333.33,0
571,Local,57,write,32,4,libaio,1333.33,1
572,Local,57,write,32,4,libaio,1333.33,2
573,Local,57,write,32,4,libaio,1333.33,3
574,Local,57,write,32,4,libaio,1333.33,4
575,Local,57,write,32,4,libaio,1000.0,5
576,Local,57,write,32,4,libaio,1333.33,6
577,Local,57,write,32,4,libaio,1333.33,7
578,Local,57,write,32,4,libaio,1333.33,8
579,Local,57,write,32,4,libaio,1333.33,9
580,Local,58,randread,32,4,libaio,1000.0,0
581,Local,58,randread,32,4,libaio,1333.33,1
582,Local,58,randread,32,4,libaio,1333.33,2
583,Local,58,randread,32,4,libaio,1000.0,3
584,Local,58,randread,32,4,libaio,1333.33,4
585,Local,58,randread,32,4,libaio,1333.33,5
586,Local,58,randread,32,4,libaio,1000.0,6
587,Local,58,randread,32,4,libaio,1333.33,7
588,Local,58,randread,32,4,libaio,1333.33,8
589,Local,58,randread,32,4,libaio,1000.0,9
590,Local,59,randwrite,32,4,libaio,1333.33,0
591,Local,59,randwrite,32,4,libaio,1333.33,1
592,Local,59,randwrite,32,4,libaio,1333.33,2
593,Local,59,randwrite,32,4,libaio,1333.33,3
594,Local,59,randwrite,32,4,libaio,1333.33,4
595,Local,59,randwrite,32,4,libaio,1333.33,5
596,Local,59,randwrite,32,4,libaio,1000.0,6
597,Local,59,randwrite,32,4,libaio,1333.33,7
598,Local,59,randwrite,32,4,libaio,1333.33,8
599,Local,59,randwrite,32,4,libaio,1333.33,9
600,Local,60,read,1,10,libaio,2400.0,0
601,Local,60,read,1,10,libaio,2400.0,1
602,Local,60,read,1,10,libaio,3000.0,2
603,Local,60,read,1,10,libaio,3000.0,3
604,Local,60,read,1,10,libaio,2000.0,4
605,Local,60,read,1,10,libaio,3000.0,5
606,Local,60,read,1,10,libaio,3000.0,6
607,Local,60,read,1,10,libaio,2400.0,7
608,Local,60,read,1,10,libaio,2400.0,8
609,Local,60,read,1,10,libaio,3000.0,9
610,Local,61,write,1,10,libaio,3000.0,0
611,Local,61,write,1,10,libaio,3000.0,1
612,Local,61,write,1,10,libaio,3000.0,2
613,Local,61,write,1,10,libaio,3000.0,3
614,Local,61,write,1,10,libaio,3000.0,4
615,Local,61,write,1,10,libaio,3000.0,5
616,Local,61,write,1,10,libaio,3000.0,6
617,Local,61,write,1,10,libaio,3000.0,7
618,Local,61,write,1,10,libaio,3000.0,8
619,Local,61,write,1,10,libaio,3000.0,9
620,Local,62,randread,1,10,libaio,2000.0,0
621,Local,62,randread,1,10,libaio,2666.66,1
622,Local,62,randread,1,10,libaio,2000.0,2
623,Local,62,randread,1,10,libaio,1600.0,3
624,Local,62,randread,1,10,libaio,2666.66,4
625,Local,62,randread,1,10,libaio,2666.66,5
626,Local,62,randread,1,10,libaio,2000.0,6
627,Local,62,randread,1,10,libaio,2666.66,7
628,Local,62,randread,1,10,libaio,2666.66,8
629,Local,62,randread,1,10,libaio,2000.0,9
630,Local,63,randwrite,1,10,libaio,2666.66,0
631,Local,63,randwrite,1,10,libaio,2666.66,1
632,Local,63,randwrite,1,10,libaio,2666.66,2
633,Local,63,randwrite,1,10,libaio,2666.66,3
634,Local,63,randwrite,1,10,libaio,2666.66,4
635,Local,63,randwrite,1,10,libaio,2666.66,5
636,Local,63,randwrite,1,10,libaio,2666.66,6
637,Local,63,randwrite,1,10,libaio,2666.66,7
638,Local,63,randwrite,1,10,libaio,2666.66,8
639,Local,63,randwrite,1,10,libaio,2666.66,9
640,Local,64,read,16,10,libaio,3000.0,0
641,Local,64,read,16,10,libaio,3000.0,1
642,Local,64,read,16,10,libaio,2400.0,2
643,Local,64,read,16,10,libaio,3000.0,3
644,Local,64,read,16,10,libaio,3000.0,4
645,Local,64,read,16,10,libaio,2400.0,5
646,Local,64,read,16,10,libaio,3000.0,6
647,Local,64,read,16,10,libaio,3000.0,7
648,Local,64,read,16,10,libaio,2400.0,8
649,Local,64,read,16,10,libaio,3000.0,9
650,Local,65,write,16,10,libaio,2400.0,0
651,Local,65,write,16,10,libaio,2400.0,1
652,Local,65,write,16,10,libaio,2400.0,2
653,Local,65,write,16,10,libaio,2000.0,3
654,Local,65,write,16,10,libaio,1000.0,4
655,Local,65,write,16,10,libaio,2400.0,5
656,Local,65,write,16,10,libaio,2400.0,6
657,Local,65,write,16,10,libaio,2400.0,7
658,Local,65,write,16,10,libaio,2000.0,8
659,Local,65,write,16,10,libaio,2400.0,9
660,Local,66,randread,16,10,libaio,2666.66,0
661,Local,66,randread,16,10,libaio,1600.0,1
662,Local,66,randread,16,10,libaio,2666.66,2
663,Local,66,randread,16,10,libaio,2666.66,3
664,Local,66,randread,16,10,libaio,2666.66,4
665,Local,66,randread,16,10,libaio,2000.0,5
666,Local,66,randread,16,10,libaio,2000.0,6
667,Local,66,randread,16,10,libaio,2000.0,7
668,Local,66,randread,16,10,libaio,2000.0,8
669,Local,66,randread,16,10,libaio,2000.0,9
670,Local,67,randwrite,16,10,libaio,2000.0,0
671,Local,67,randwrite,16,10,libaio,2000.0,1
672,Local,67,randwrite,16,10,libaio,2000.0,2
673,Local,67,randwrite,16,10,libaio,2000.0,3
674,Local,67,randwrite,16,10,libaio,1600.0,4
675,Local,67,randwrite,16,10,libaio,2000.0,5
676,Local,67,randwrite,16,10,libaio,2000.0,6
677,Local,67,randwrite,16,10,libaio,2000.0,7
678,Local,67,randwrite,16,10,libaio,2000.0,8
679,Local,67,randwrite,16,10,libaio,1600.0,9
680,Local,68,read,32,10,libaio,3000.0,0
681,Local,68,read,32,10,libaio,2400.0,1
682,Local,68,read,32,10,libaio,2400.0,2
683,Local,68,read,32,10,libaio,3000.0,3
684,Local,68,read,32,10,libaio,3000.0,4
685,Local,68,read,32,10,libaio,2400.0,5
686,Local,68,read,32,10,libaio,3000.0,6
687,Local,68,read,32,10,libaio,3000.0,7
688,Local,68,read,32,10,libaio,2400.0,8
689,Local,68,read,32,10,libaio,3000.0,9
690,Local,69,write,32,10,libaio,2400.0,0
691,Local,69,write,32,10,libaio,2400.0,1
692,Local,69,write,32,10,libaio,2400.0,2
693,Local,69,write,32,10,libaio,2400.0,3
694,Local,69,write,32,10,libaio,2400.0,4
695,Local,69,write,32,10,libaio,2000.0,5
696,Local,69,write,32,10,libaio,2400.0,6
697,Local,69,write,32,10,libaio,2400.0,7
698,Local,69,write,32,10,libaio,2400.0,8
699,Local,69,write,32,10,libaio,2400.0,9
700,Local,70,randread,32,10,libaio,1600.0,0
701,Local,70,randread,32,10,libaio,2666.66,1
702,Local,70,randread,32,10,libaio,2666.66,2
703,Local,70,randread,32,10,libaio,1600.0,3
704,Local,70,randread,32,10,libaio,2000.0,4
705,Local,70,randread,32,10,libaio,2666.66,5
706,Local,70,randread,32,10,libaio,1600.0,6
707,Local,70,randread,32,10,libaio,2666.66,7
708,Local,70,randread,32,10,libaio,2666.66,8
709,Local,70,randread,32,10,libaio,2000.0,9
710,Local,71,randwrite,32,10,libaio,2000.0,0
711,Local,71,randwrite,32,10,libaio,2000.0,1
712,Local,71,randwrite,32,10,libaio,2000.0,2
713,Local,71,randwrite,32,10,libaio,2000.0,3
714,Local,71,randwrite,32,10,libaio,2000.0,4
715,Local,71,randwrite,32,10,libaio,2000.0,5
716,Local,71,randwrite,32,10,libaio,1600.0,6
717,Local,71,randwrite,32,10,libaio,2000.0,7
718,Local,71,randwrite,32,10,libaio,2000.0,8
719,Local,71,randwrite,32,10,libaio,2000.0,9
720,Local,72,read,1,100,libaio,5000.0,0
721,Local,72,read,1,100,libaio,4761.9,1
722,Local,72,read,1,100,libaio,5555.55,2
723,Local,72,read,1,100,libaio,5555.55,3
724,Local,72,read,1,100,libaio,5263.15,4
725,Local,72,read,1,100,libaio,5882.35,5
726,Local,72,read,1,100,libaio,5555.55,6
727,Local,72,read,1,100,libaio,5263.15,7
728,Local,72,read,1,100,libaio,5555.55,8
729,Local,72,read,1,100,libaio,5555.55,9
730,Local,73,write,1,100,libaio,4761.9,0
731,Local,73,write,1,100,libaio,4761.9,1
732,Local,73,write,1,100,libaio,4545.45,2
733,Local,73,write,1,100,libaio,4761.9,3
734,Local,73,write,1,100,libaio,4761.9,4
735,Local,73,write,1,100,libaio,4761.9,5
736,Local,73,write,1,100,libaio,4545.45,6
737,Local,73,write,1,100,libaio,4545.45,7
738,Local,73,write,1,100,libaio,4761.9,8
739,Local,73,write,1,100,libaio,4761.9,9
740,Local,74,randread,1,100,libaio,5000.0,0
741,Local,74,randread,1,100,libaio,4166.66,1
742,Local,74,randread,1,100,libaio,4347.82,2
743,Local,74,randread,1,100,libaio,5000.0,3
744,Local,74,randread,1,100,libaio,5000.0,4
745,Local,74,randread,1,100,libaio,5000.0,5
746,Local,74,randread,1,100,libaio,5000.0,6
747,Local,74,randread,1,100,libaio,5000.0,7
748,Local,74,randread,1,100,libaio,4347.82,8
749,Local,74,randread,1,100,libaio,5000.0,9
750,Local,75,randwrite,1,100,libaio,3571.42,0
751,Local,75,randwrite,1,100,libaio,3703.7,1
752,Local,75,randwrite,1,100,libaio,4761.9,2
753,Local,75,randwrite,1,100,libaio,4761.9,3
754,Local,75,randwrite,1,100,libaio,4761.9,4
755,Local,75,randwrite,1,100,libaio,4545.45,5
756,Local,75,randwrite,1,100,libaio,4761.9,6
757,Local,75,randwrite,1,100,libaio,4545.45,7
758,Local,75,randwrite,1,100,libaio,4545.45,8
759,Local,75,randwrite,1,100,libaio,4761.9,9
760,Local,76,read,16,100,libaio,5555.55,0
761,Local,76,read,16,100,libaio,5555.55,1
762,Local,76,read,16,100,libaio,5555.55,2
763,Local,76,read,16,100,libaio,5555.55,3
764,Local,76,read,16,100,libaio,5882.35,4
765,Local,76,read,16,100,libaio,5555.55,5
766,Local,76,read,16,100,libaio,5555.55,6
767,Local,76,read,16,100,libaio,5555.55,7
768,Local,76,read,16,100,libaio,5263.15,8
769,Local,76,read,16,100,libaio,5555.55,9
770,Local,77,write,16,100,libaio,3846.15,0
771,Local,77,write,16,100,libaio,3846.15,1
772,Local,77,write,16,100,libaio,3846.15,2
773,Local,77,write,16,100,libaio,3846.15,3
774,Local,77,write,16,100,libaio,3030.3,4
775,Local,77,write,16,100,libaio,2941.17,5
776,Local,77,write,16,100,libaio,3703.7,6
777,Local,77,write,16,100,libaio,3846.15,7
778,Local,77,write,16,100,libaio,3846.15,8
779,Local,77,write,16,100,libaio,3846.15,9
780,Local,78,randread,16,100,libaio,5555.55,0
781,Local,78,randread,16,100,libaio,5555.55,1
782,Local,78,randread,16,100,libaio,5882.35,2
783,Local,78,randread,16,100,libaio,5555.55,3
784,Local,78,randread,16,100,libaio,5555.55,4
785,Local,78,randread,16,100,libaio,5555.55,5
786,Local,78,randread,16,100,libaio,5555.55,6
787,Local,78,randread,16,100,libaio,5555.55,7
788,Local,78,randread,16,100,libaio,5555.55,8
789,Local,78,randread,16,100,libaio,5555.55,9
790,Local,79,randwrite,16,100,libaio,3846.15,0
791,Local,79,randwrite,16,100,libaio,3846.15,1
792,Local,79,randwrite,16,100,libaio,3703.7,2
793,Local,79,randwrite,16,100,libaio,3846.15,3
794,Local,79,randwrite,16,100,libaio,3846.15,4
795,Local,79,randwrite,16,100,libaio,3846.15,5
796,Local,79,randwrite,16,100,libaio,3846.15,6
797,Local,79,randwrite,16,100,libaio,3703.7,7
798,Local,79,randwrite,16,100,libaio,3030.3,8
799,Local,79,randwrite,16,100,libaio,3030.3,9
800,Local,80,read,32,100,libaio,5555.55,0
801,Local,80,read,32,100,libaio,5555.55,1
802,Local,80,read,32,100,libaio,5555.55,2
803,Local,80,read,32,100,libaio,5555.55,3
804,Local,80,read,32,100,libaio,5555.55,4
805,Local,80,read,32,100,libaio,5555.55,5
806,Local,80,read,32,100,libaio,5555.55,6
807,Local,80,read,32,100,libaio,5555.55,7
808,Local,80,read,32,100,libaio,5555.55,8
809,Local,80,read,32,100,libaio,5263.15,9
810,Local,81,write,32,100,libaio,3225.8,0
811,Local,81,write,32,100,libaio,3225.8,1
812,Local,81,write,32,100,libaio,3225.8,2
813,Local,81,write,32,100,libaio,3225.8,3
814,Local,81,write,32,100,libaio,3225.8,4
815,Local,81,write,32,100,libaio,3125.0,5
816,Local,81,write,32,100,libaio,3225.8,6
817,Local,81,write,32,100,libaio,3225.8,7
818,Local,81,write,32,100,libaio,3225.8,8
819,Local,81,write,32,100,libaio,3225.8,9
820,Local,82,randread,32,100,libaio,5263.15,0
821,Local,82,randread,32,100,libaio,5263.15,1
822,Local,82,randread,32,100,libaio,5555.55,2
823,Local,82,randread,32,100,libaio,5555.55,3
824,Local,82,randread,32,100,libaio,5555.55,4
825,Local,82,randread,32,100,libaio,5555.55,5
826,Local,82,randread,32,100,libaio,5555.55,6
827,Local,82,randread,32,100,libaio,5555.55,7
828,Local,82,randread,32,100,libaio,5555.55,8
829,Local,82,randread,32,100,libaio,5555.55,9
830,Local,83,randwrite,32,100,libaio,3225.8,0
831,Local,83,randwrite,32,100,libaio,3225.8,1
832,Local,83,randwrite,32,100,libaio,2631.57,2
833,Local,83,randwrite,32,100,libaio,2631.57,3
834,Local,83,randwrite,32,100,libaio,3225.8,4
835,Local,83,randwrite,32,100,libaio,3125.0,5
836,Local,83,randwrite,32,100,libaio,3225.8,6
837,Local,83,randwrite,32,100,libaio,3225.8,7
838,Local,83,randwrite,32,100,libaio,3225.8,8
839,Local,83,randwrite,32,100,libaio,3225.8,9
840,Local,84,read,1,1024,libaio,5953.48,0
841,Local,84,read,1,1024,libaio,5475.93,1
842,Local,84,read,1,1024,libaio,5446.8,2
843,Local,84,read,1,1024,libaio,6360.24,3
844,Local,84,read,1,1024,libaio,5475.93,4
845,Local,84,read,1,1024,libaio,5752.8,5
846,Local,84,read,1,1024,libaio,6360.24,6
847,Local,84,read,1,1024,libaio,5657.45,7
848,Local,84,read,1,1024,libaio,5595.62,8
849,Local,84,read,1,1024,libaio,4511.01,9
850,Local,85,write,1,1024,libaio,4762.79,0
851,Local,85,write,1,1024,libaio,5094.52,1
852,Local,85,write,1,1024,libaio,4740.74,2
853,Local,85,write,1,1024,libaio,4762.79,3
854,Local,85,write,1,1024,libaio,4762.79,4
855,Local,85,write,1,1024,libaio,4946.85,5
856,Local,85,write,1,1024,libaio,4740.74,6
857,Local,85,write,1,1024,libaio,4740.74,7
858,Local,85,write,1,1024,libaio,4740.74,8
859,Local,85,write,1,1024,libaio,5069.3,9
860,Local,86,randread,1,1024,libaio,5626.37,0
861,Local,86,randread,1,1024,libaio,4853.08,1
862,Local,86,randread,1,1024,libaio,4432.9,2
863,Local,86,randread,1,1024,libaio,5535.13,3
864,Local,86,randread,1,1024,libaio,4876.19,4
865,Local,86,randread,1,1024,libaio,5626.37,5
866,Local,86,randread,1,1024,libaio,5595.62,6
867,Local,86,randread,1,1024,libaio,4876.19,7
868,Local,86,randread,1,1024,libaio,5626.37,8
869,Local,86,randread,1,1024,libaio,4876.19,9
870,Local,87,randwrite,1,1024,libaio,4740.74,0
871,Local,87,randwrite,1,1024,libaio,4740.74,1
872,Local,87,randwrite,1,1024,libaio,4970.87,2
873,Local,87,randwrite,1,1024,libaio,4762.79,3
874,Local,87,randwrite,1,1024,libaio,4785.04,4
875,Local,87,randwrite,1,1024,libaio,4740.74,5
876,Local,87,randwrite,1,1024,libaio,5019.6,6
877,Local,87,randwrite,1,1024,libaio,4740.74,7
878,Local,87,randwrite,1,1024,libaio,4762.79,8
879,Local,87,randwrite,1,1024,libaio,4762.79,9
880,Local,88,read,16,1024,libaio,6692.81,0
881,Local,88,read,16,1024,libaio,6692.81,1
882,Local,88,read,16,1024,libaio,6606.45,2
883,Local,88,read,16,1024,libaio,6692.81,3
884,Local,88,read,16,1024,libaio,6606.45,4
885,Local,88,read,16,1024,libaio,6649.35,5
886,Local,88,read,16,1024,libaio,6692.81,6
887,Local,88,read,16,1024,libaio,6649.35,7
888,Local,88,read,16,1024,libaio,6649.35,8
889,Local,88,read,16,1024,libaio,6564.1,9
890,Local,89,write,16,1024,libaio,6206.06,0
891,Local,89,write,16,1024,libaio,5720.67,1
892,Local,89,write,16,1024,libaio,5657.45,2
893,Local,89,write,16,1024,libaio,6206.06,3
894,Local,89,write,16,1024,libaio,5688.88,4
895,Local,89,write,16,1024,libaio,5657.45,5
896,Local,89,write,16,1024,libaio,5657.45,6
897,Local,89,write,16,1024,libaio,6206.06,7
898,Local,89,write,16,1024,libaio,5720.67,8
899,Local,89,write,16,1024,libaio,5720.67,9
900,Local,90,randread,16,1024,libaio,6606.45,0
901,Local,90,randread,16,1024,libaio,6649.35,1
902,Local,90,randread,16,1024,libaio,6606.45,2
903,Local,90,randread,16,1024,libaio,6692.81,3
904,Local,90,randread,16,1024,libaio,6606.45,4
905,Local,90,randread,16,1024,libaio,6692.81,5
906,Local,90,randread,16,1024,libaio,6649.35,6
907,Local,90,randread,16,1024,libaio,6692.81,7
908,Local,90,randread,16,1024,libaio,6649.35,8
909,Local,90,randread,16,1024,libaio,6649.35,9
910,Local,91,randwrite,16,1024,libaio,5657.45,0
911,Local,91,randwrite,16,1024,libaio,6131.73,1
912,Local,91,randwrite,16,1024,libaio,5626.37,2
913,Local,91,randwrite,16,1024,libaio,5657.45,3
914,Local,91,randwrite,16,1024,libaio,6243.9,4
915,Local,91,randwrite,16,1024,libaio,5657.45,5
916,Local,91,randwrite,16,1024,libaio,5657.45,6
917,Local,91,randwrite,16,1024,libaio,5688.88,7
918,Local,91,randwrite,16,1024,libaio,6131.73,8
919,Local,91,randwrite,16,1024,libaio,5626.37,9
920,Local,92,read,32,1024,libaio,6692.81,0
921,Local,92,read,32,1024,libaio,6606.45,1
922,Local,92,read,32,1024,libaio,6692.81,2
923,Local,92,read,32,1024,libaio,6692.81,3
924,Local,92,read,32,1024,libaio,6606.45,4
925,Local,92,read,32,1024,libaio,6692.81,5
926,Local,92,read,32,1024,libaio,6692.81,6
927,Local,92,read,32,1024,libaio,6649.35,7
928,Local,92,read,32,1024,libaio,6564.1,8
929,Local,92,read,32,1024,libaio,6606.45,9
930,Local,93,write,32,1024,libaio,5389.47,0
931,Local,93,write,32,1024,libaio,5417.98,1
932,Local,93,write,32,1024,libaio,5885.05,2
933,Local,93,write,32,1024,libaio,5389.47,3
934,Local,93,write,32,1024,libaio,5361.25,4
935,Local,93,write,32,1024,libaio,5818.18,5
936,Local,93,write,32,1024,libaio,5446.8,6
937,Local,93,write,32,1024,libaio,5361.25,7
938,Local,93,write,32,1024,libaio,5446.8,8
939,Local,93,write,32,1024,libaio,5885.05,9
940,Local,94,randread,32,1024,libaio,6692.81,0
941,Local,94,randread,32,1024,libaio,6564.1,1
942,Local,94,randread,32,1024,libaio,6606.45,2
943,Local,94,randread,32,1024,libaio,6692.81,3
944,Local,94,randread,32,1024,libaio,6606.45,4
945,Local,94,randread,32,1024,libaio,6606.45,5
946,Local,94,randread,32,1024,libaio,6606.45,6
947,Local,94,randread,32,1024,libaio,6606.45,7
948,Local,94,randread,32,1024,libaio,6606.45,8
949,Local,94,randread,32,1024,libaio,6606.45,9
950,Local,95,randwrite,32,1024,libaio,5389.47,0
951,Local,95,randwrite,32,1024,libaio,5417.98,1
952,Local,95,randwrite,32,1024,libaio,5389.47,2
953,Local,95,randwrite,32,1024,libaio,5818.18,3
954,Local,95,randwrite,32,1024,libaio,5361.25,4
955,Local,95,randwrite,32,1024,libaio,5389.47,5
956,Local,95,randwrite,32,1024,libaio,5818.18,6
957,Local,95,randwrite,32,1024,libaio,5417.98,7
958,Local,95,randwrite,32,1024,libaio,5389.47,8
959,Local,95,randwrite,32,1024,libaio,5446.8,9
